{
  "accuracy": 0.9889568874149544,
  "precision": 0.9703105764756034,
  "recall": 0.99149876299092,
  "f1": 0.9806401628825958,
  "per_class": {
    "BENIGN": {
      "precision": 0.9980337878043102,
      "recall": 0.9860440150295223,
      "f1-score": 0.9920026743468422,
      "support": 39123.0
    },
    "DoS_slowloris": {
      "precision": 0.9833333333333333,
      "recall": 0.9869888475836431,
      "f1-score": 0.9851576994434137,
      "support": 538.0
    },
    "DoS_Slowhttptest": {
      "precision": 0.9351351351351351,
      "recall": 0.9923518164435946,
      "f1-score": 0.9628942486085343,
      "support": 523.0
    },
    "DoS_Hulk": {
      "precision": 0.9725740782628365,
      "recall": 0.995024587792884,
      "f1-score": 0.9836712516800595,
      "support": 17285.0
    },
    "DoS_GoldenEye": {
      "precision": 0.9624765478424016,
      "recall": 0.9970845481049563,
      "f1-score": 0.9794749403341289,
      "support": 1029.0
    },
    "accuracy": 0.9889568874149544,
    "macro avg": {
      "precision": 0.9703105764756034,
      "recall": 0.99149876299092,
      "f1-score": 0.9806401628825958,
      "support": 58498.0
    },
    "weighted avg": {
      "precision": 0.9891879414643234,
      "recall": 0.9889568874149544,
      "f1-score": 0.9889973411345342,
      "support": 58498.0
    }
  }
}