{
  "total_macs": 113793110,
  "total_flops": 227586220,
  "total_gmacs": 0.113793,
  "total_gflops": 0.227586,
  "total_params": 3243238,
  "total_params_mb": 12.973,
  "by_type": {
    "Conv2d": 105062000,
    "BatchNorm2d": 4249696,
    "AdaptiveAvgPool2d": 4864,
    "Linear": 2109062,
    "GRU": 2367488
  },
  "by_module": {
    "spatial": 110816784,
    "temporal": 2934784,
    "classifier": 41542
  },
  "batch_size": 1
}