{
  "accuracy": 0.9928715511641424,
  "precision": 0.9667311260401673,
  "recall": 0.9933912903926553,
  "f1": 0.9797450014589536,
  "per_class": {
    "BENIGN": {
      "precision": 0.9995099177177642,
      "recall": 0.990465966311377,
      "f1-score": 0.9949673907461614,
      "support": 39123.0
    },
    "DoS_slowloris": {
      "precision": 0.9620253164556962,
      "recall": 0.9888475836431226,
      "f1-score": 0.9752520623281393,
      "support": 538.0
    },
    "DoS_Slowhttptest": {
      "precision": 0.9453551912568307,
      "recall": 0.9923518164435946,
      "f1-score": 0.9682835820895522,
      "support": 523.0
    },
    "DoS_Hulk": {
      "precision": 0.983750498888192,
      "recall": 0.9982065374602256,
      "f1-score": 0.9909257983000229,
      "support": 17285.0
    },
    "DoS_GoldenEye": {
      "precision": 0.9430147058823529,
      "recall": 0.9970845481049563,
      "f1-score": 0.9692961738308927,
      "support": 1029.0
    },
    "accuracy": 0.9928715511641424,
    "macro avg": {
      "precision": 0.9667311260401673,
      "recall": 0.9933912903926553,
      "f1-score": 0.9797450014589536,
      "support": 58498.0
    },
    "weighted avg": {
      "precision": 0.9930306403943369,
      "recall": 0.9928715511641424,
      "f1-score": 0.9929017289072333,
      "support": 58498.0
    }
  }
}